"OrderID","Product","Quantity","Price","Customer"
1,"Thingamajig",5,120.3,"eve"
2,"Widget",15,82.81,"alice"
3,"Thingamajig",3,15.68,"georgia"
4,"Thingamajig",25,70.36,"charlie"
5,"Widget",3,161.56,"frank"
6,"Widget",15,5.9,"eve"
7,"Thingamajig",30,70.03,"eve"
8,"Gadget",15,82.64,"charlie"
9,"Thingamajig",3,109.79,"eve"
10,"Thingamajig",15,184.37,"alice"
11,"Thingamajig",15,72.54,"alice"
12,"Thingamajig",15,72.66,"charlie"
13,"Unknown",3,148.81,"frank"
14,"Thingamajig",0,93.18,"david"
15,"Gadget",0,48.8,"bob"
17,"Gadget",15,32.47,"eve"
18,"Gadget",25,39.4,"bob"
19,"Gadget",30,102.18,"hannah"
20,"Gadget",30,86.69,"charlie"
21,"Widget",15,183.39,"charlie"
22,"Widget",10,75.67,"frank"
24,"Gadget",3,128.29,"alice"
25,"Widget",2,7.55,"bob"
26,"Widget",30,134.39,"eve"
27,"Widget",25,39.72,"alice"
28,"Thingamajig",20,192.41,"georgia"
29,"Thingamajig",15,33.99,"georgia"
30,"Thingamajig",30,85.85,"hannah"
31,"Gadget",20,21.64,"georgia"
32,"Thingamajig",15,199.39,"charlie"
33,"Gadget",15,102.93,"bob"
36,"Gadget",2,151.24,"frank"
37,"Thingamajig",10,45.93,"david"
39,"Widget",5,45,"hannah"
40,"Thingamajig",10,42.18,"frank"
42,"Thingamajig",25,97.05,"david"
43,"Thingamajig",15,115.14,"hannah"
44,"Widget",5,17.81,"bob"
46,"Thingamajig",-5,93.39,"david"
47,"Gadget",15,107.26,"georgia"
48,"Widget",-5,90.95,"hannah"
50,"Gadget",3,114.13,"eve"
51,"Gadget",0,35.27,"alice"
52,"Widget",30,40.48,"georgia"
53,"Gadget",30,173.05,"hannah"
54,"Widget",15,189.49,"eve"
55,"Gadget",3,77.8,"hannah"
56,"Unknown",15,57.8,"frank"
57,"Thingamajig",20,130.58,"eve"
58,"Widget",-5,84.7,"georgia"
59,"Thingamajig",30,9.95,"frank"
60,"Thingamajig",5,35.45,"georgia"
61,"Gadget",-5,144.61,"bob"
63,"Unknown",25,10.28,"georgia"
64,"Gadget",3,48.28,"georgia"
65,"Unknown",10,50.06,"bob"
66,"Gadget",15,136.02,"charlie"
67,"Gadget",-5,8.84,"bob"
69,"Gadget",-5,160.98,"bob"
70,"Widget",10,39.82,"bob"
71,"Thingamajig",25,132.29,"alice"
72,"Gadget",2,51.45,"bob"
73,"Gadget",10,24.39,"hannah"
75,"Gadget",15,145.84,"hannah"
77,"Gadget",30,166.89,"david"
78,"Thingamajig",-5,82.45,"charlie"
79,"Thingamajig",15,135.28,"hannah"
81,"Thingamajig",15,62.16,"frank"
82,"Widget",0,179.79,"david"
83,"Unknown",-5,7.54,"alice"
84,"Widget",15,21.67,"alice"
85,"Widget",5,45.54,"charlie"
86,"Gadget",15,10.17,"georgia"
87,"Thingamajig",15,40.38,"hannah"
88,"Widget",5,118.69,"frank"
90,"Widget",20,179.07,"hannah"
91,"Widget",25,164.4,"eve"
92,"Unknown",10,71.65,"alice"
93,"Widget",10,55.59,"bob"
94,"Thingamajig",15,79.04,"frank"
97,"Widget",15,126.71,"bob"
98,"Thingamajig",3,84.84,"hannah"
99,"Unknown",25,112.65,"frank"
100,"Widget",0,90.04,"georgia"
101,"Unknown",15,62.42,"alice"
102,"Thingamajig",30,189.95,"alice"
103,"Thingamajig",2,153.9,"alice"
105,"Thingamajig",15,174.35,"hannah"
106,"Thingamajig",2,100.05,"eve"
107,"Widget",-5,179.44,"alice"
108,"Thingamajig",15,160.97,"eve"
109,"Widget",2,87.92,"eve"
110,"Gadget",30,9.38,"georgia"
111,"Thingamajig",-5,57.39,"alice"
112,"Gadget",5,110.62,"charlie"
113,"Widget",30,128.53,"david"
114,"Thingamajig",2,55.29,"bob"
115,"Widget",30,32.17,"eve"
116,"Gadget",-5,167.81,"frank"
117,"Widget",20,196.96,"frank"
118,"Thingamajig",-5,107.51,"david"
119,"Thingamajig",-5,38.48,"frank"
120,"Gadget",15,58.1,"charlie"
121,"Widget",25,8.59,"frank"
122,"Thingamajig",5,183.29,"bob"
123,"Gadget",0,27.96,"bob"
125,"Thingamajig",10,58.44,"alice"
126,"Widget",25,113.06,"georgia"
128,"Widget",15,166.8,"eve"
129,"Thingamajig",15,45.25,"charlie"
130,"Gadget",15,7.14,"alice"
131,"Thingamajig",15,31.69,"hannah"
133,"Widget",20,175.41,"frank"
134,"Gadget",15,121.5,"georgia"
135,"Thingamajig",15,122.1,"alice"
136,"Thingamajig",25,134.68,"eve"
137,"Gadget",20,39.2,"georgia"
138,"Thingamajig",30,183.31,"alice"
139,"Thingamajig",2,86.66,"david"
140,"Widget",20,79.71,"bob"
141,"Thingamajig",0,106.19,"georgia"
142,"Thingamajig",15,14.16,"georgia"
143,"Gadget",3,37.43,"eve"
144,"Gadget",2,148.92,"charlie"
145,"Widget",10,21.15,"david"
147,"Thingamajig",10,52.84,"alice"
148,"Thingamajig",20,80.91,"alice"
149,"Unknown",10,61.3,"alice"
150,"Widget",0,74.36,"hannah"
151,"Gadget",15,145.21,"alice"
152,"Widget",30,62.94,"charlie"
153,"Thingamajig",25,115.45,"david"
155,"Unknown",0,134.42,"bob"
156,"Unknown",0,187.68,"charlie"
157,"Thingamajig",10,147.85,"charlie"
158,"Widget",10,46.91,"hannah"
159,"Widget",20,11.08,"frank"
160,"Thingamajig",25,56.14,"frank"
161,"Thingamajig",15,121.04,"bob"
162,"Thingamajig",10,15.03,"bob"
163,"Gadget",15,101.79,"frank"
164,"Gadget",15,121.38,"alice"
166,"Widget",-5,155.33,"eve"
167,"Gadget",10,25.79,"bob"
168,"Widget",15,19.65,"hannah"
169,"Widget",15,147,"hannah"
171,"Gadget",15,139.24,"frank"
172,"Gadget",15,89.79,"david"
173,"Thingamajig",15,53.05,"eve"
174,"Gadget",15,164.72,"eve"
175,"Thingamajig",15,160.89,"bob"
176,"Widget",15,140.47,"alice"
177,"Thingamajig",30,58.07,"david"
178,"Gadget",30,120.09,"eve"
179,"Widget",15,75.39,"bob"
180,"Widget",10,22.86,"hannah"
181,"Widget",15,183.88,"eve"
182,"Thingamajig",25,31.68,"georgia"
183,"Unknown",15,190.3,"david"
184,"Widget",15,91.97,"david"
185,"Widget",5,41.1,"georgia"
186,"Widget",10,110.67,"charlie"
187,"Thingamajig",10,175.22,"hannah"
188,"Thingamajig",2,147.78,"georgia"
189,"Gadget",20,162.28,"frank"
190,"Unknown",-5,133.46,"frank"
191,"Widget",2,139.99,"bob"
192,"Gadget",15,170.59,"david"
193,"Widget",30,53.69,"charlie"
194,"Widget",30,100.44,"charlie"
195,"Thingamajig",20,48.14,"eve"
198,"Thingamajig",15,12.69,"charlie"
199,"Gadget",0,142.59,"georgia"
200,"Widget",15,185.42,"hannah"
201,"Widget",-5,300,"georgia"
202,"Gadget",10,115.75,"eve"
204,"Gadget",-5,11.62,"georgia"
205,"Gadget",15,141,"alice"
206,"Thingamajig",0,62.98,"david"
207,"Gadget",25,185.26,"charlie"
208,"Thingamajig",10,194.36,"charlie"
209,"Widget",3,189.13,"georgia"
210,"Widget",15,97.47,"david"
211,"Widget",15,173.1,"eve"
212,"Widget",20,169.69,"eve"
213,"Unknown",0,67.22,"frank"
214,"Widget",15,166.64,"charlie"
215,"Gadget",3,12.22,"bob"
217,"Gadget",-5,49.85,"eve"
218,"Thingamajig",20,28.51,"david"
220,"Widget",20,140.78,"eve"
221,"Unknown",20,71.28,"david"
223,"Gadget",0,17.74,"charlie"
224,"Gadget",15,66.48,"eve"
225,"Widget",20,110.2,"georgia"
226,"Gadget",5,159.19,"david"
227,"Gadget",15,67.16,"charlie"
229,"Thingamajig",10,177.77,"hannah"
230,"Thingamajig",2,125.09,"bob"
231,"Unknown",-5,50.43,"david"
232,"Widget",15,9.76,"frank"
233,"Thingamajig",30,174.67,"bob"
234,"Gadget",15,9.15,"bob"
235,"Widget",10,175.57,"alice"
236,"Gadget",15,108.14,"eve"
237,"Gadget",5,188.12,"david"
238,"Gadget",30,160.76,"bob"
239,"Thingamajig",2,199.6,"alice"
240,"Thingamajig",10,73.39,"frank"
241,"Widget",30,154.6,"charlie"
242,"Unknown",15,83.38,"georgia"
243,"Thingamajig",-5,98.58,"georgia"
244,"Gadget",5,127.36,"david"
245,"Widget",2,175.37,"bob"
246,"Unknown",15,196.9,"georgia"
247,"Thingamajig",20,154.81,"eve"
249,"Gadget",15,87.16,"georgia"
250,"Thingamajig",20,148.83,"georgia"
251,"Thingamajig",0,51.56,"hannah"
252,"Thingamajig",0,26.54,"alice"
253,"Unknown",0,74.15,"bob"
254,"Widget",15,61.01,"eve"
256,"Thingamajig",3,50.55,"hannah"
257,"Gadget",3,13.21,"david"
258,"Widget",0,8.49,"david"
260,"Unknown",2,88.42,"frank"
261,"Widget",5,79.94,"georgia"
262,"Gadget",2,137.53,"frank"
263,"Unknown",5,47.56,"alice"
264,"Thingamajig",2,190.24,"david"
266,"Gadget",15,22.44,"eve"
267,"Thingamajig",15,86.43,"bob"
269,"Gadget",20,189.22,"charlie"
270,"Widget",30,96.14,"eve"
271,"Widget",15,124.62,"georgia"
272,"Gadget",15,37.57,"frank"
273,"Widget",15,198.28,"frank"
274,"Gadget",15,50.18,"eve"
275,"Widget",20,188.83,"frank"
276,"Widget",-5,300,"david"
277,"Thingamajig",30,123.51,"alice"
279,"Widget",15,49.98,"alice"
281,"Thingamajig",10,47.99,"bob"
282,"Thingamajig",15,41.36,"hannah"
283,"Thingamajig",25,157.02,"bob"
284,"Gadget",15,73.27,"alice"
285,"Widget",30,16.28,"eve"
286,"Thingamajig",20,193.98,"bob"
287,"Widget",10,177.34,"hannah"
288,"Gadget",30,185.91,"hannah"
289,"Gadget",0,199.01,"hannah"
290,"Thingamajig",25,38.91,"alice"
291,"Gadget",30,82.27,"bob"
292,"Widget",25,152.86,"charlie"
293,"Thingamajig",25,140.72,"eve"
295,"Widget",2,164.09,"bob"
296,"Gadget",0,48.77,"hannah"
297,"Gadget",10,48.64,"charlie"
298,"Gadget",30,109.71,"david"
299,"Gadget",5,120.62,"david"
300,"Gadget",10,118.12,"georgia"
301,"Thingamajig",2,22.84,"bob"
302,"Widget",10,176.1,"alice"
303,"Widget",15,56.79,"bob"
304,"Widget",5,300,"charlie"
305,"Widget",2,178.31,"david"
307,"Widget",30,173.11,"alice"
308,"Thingamajig",15,162.86,"georgia"
309,"Thingamajig",3,132.77,"bob"
310,"Widget",2,112.42,"eve"
311,"Widget",20,21.96,"georgia"
312,"Thingamajig",30,84.65,"alice"
313,"Thingamajig",0,77.67,"charlie"
314,"Gadget",2,55.65,"david"
315,"Thingamajig",15,146.07,"bob"
316,"Gadget",3,101.7,"alice"
317,"Gadget",15,20.8,"georgia"
318,"Gadget",3,47.94,"eve"
319,"Gadget",0,138.24,"alice"
321,"Widget",20,170.99,"hannah"
322,"Thingamajig",30,101.55,"eve"
324,"Thingamajig",15,300,"charlie"
325,"Thingamajig",15,300,"david"
326,"Gadget",25,72.82,"georgia"
327,"Widget",3,137.21,"hannah"
328,"Gadget",15,115.32,"charlie"
329,"Unknown",-5,57.07,"bob"
330,"Thingamajig",30,176.33,"alice"
331,"Widget",3,160.5,"frank"
332,"Widget",25,133.4,"eve"
333,"Widget",10,170.86,"eve"
336,"Widget",30,168.22,"alice"
337,"Widget",-5,141.01,"bob"
338,"Unknown",25,137.63,"hannah"
339,"Widget",10,125.63,"charlie"
340,"Gadget",5,151.78,"georgia"
341,"Widget",25,35.93,"eve"
342,"Gadget",5,176.77,"bob"
343,"Thingamajig",30,175.01,"charlie"
344,"Widget",15,10.7,"bob"
345,"Widget",25,166.03,"frank"
346,"Widget",20,30.13,"eve"
347,"Widget",5,70.35,"georgia"
349,"Widget",20,36.35,"alice"
350,"Thingamajig",2,164.5,"charlie"
351,"Thingamajig",2,167.27,"georgia"
352,"Widget",10,103.96,"hannah"
353,"Thingamajig",-5,6.25,"david"
354,"Widget",15,60.97,"frank"
355,"Widget",30,125.3,"charlie"
356,"Thingamajig",25,196.33,"david"
357,"Widget",15,128.2,"bob"
359,"Unknown",5,128.63,"bob"
360,"Widget",30,110.3,"hannah"
361,"Gadget",20,157.07,"georgia"
362,"Thingamajig",0,25.86,"eve"
363,"Gadget",2,153.4,"frank"
364,"Gadget",0,110.55,"david"
366,"Gadget",15,71.67,"eve"
367,"Gadget",25,128.36,"alice"
368,"Thingamajig",10,186.75,"david"
369,"Gadget",15,24.99,"charlie"
371,"Gadget",15,139.14,"hannah"
374,"Gadget",3,143.09,"frank"
375,"Gadget",5,18.13,"alice"
377,"Widget",2,72.45,"david"
378,"Widget",3,126.08,"eve"
379,"Widget",25,13.92,"alice"
380,"Unknown",3,174.95,"david"
381,"Gadget",15,194.83,"bob"
382,"Thingamajig",15,193.93,"david"
383,"Widget",2,151.18,"eve"
384,"Gadget",15,30.37,"david"
385,"Thingamajig",15,152.86,"charlie"
386,"Unknown",2,9.79,"hannah"
388,"Gadget",20,68.1,"hannah"
389,"Widget",5,100.29,"frank"
390,"Widget",-5,155.23,"hannah"
391,"Gadget",0,138.24,"bob"
392,"Thingamajig",5,91.95,"charlie"
393,"Widget",15,58.36,"frank"
395,"Widget",15,88.11,"eve"
396,"Gadget",2,93.02,"bob"
397,"Gadget",15,36.91,"charlie"
398,"Thingamajig",15,159.99,"frank"
399,"Thingamajig",25,140.27,"frank"
400,"Unknown",20,48.05,"bob"
401,"Gadget",0,21.06,"georgia"
402,"Gadget",2,137.7,"david"
403,"Thingamajig",30,132.63,"bob"
404,"Thingamajig",15,58.29,"frank"
405,"Unknown",-5,190.42,"alice"
406,"Thingamajig",15,34.46,"charlie"
408,"Gadget",30,189.01,"georgia"
410,"Gadget",5,129.51,"david"
411,"Widget",15,82.53,"hannah"
412,"Gadget",5,58.47,"frank"
413,"Gadget",10,196.88,"david"
414,"Gadget",5,84.82,"bob"
415,"Gadget",10,179.35,"david"
416,"Widget",15,49.84,"eve"
417,"Gadget",10,46.56,"eve"
418,"Gadget",30,11.07,"eve"
420,"Unknown",15,76.86,"georgia"
421,"Thingamajig",0,173.55,"alice"
422,"Unknown",15,97.28,"georgia"
423,"Unknown",0,193.8,"hannah"
424,"Widget",15,41.18,"bob"
425,"Widget",15,174.38,"frank"
427,"Gadget",20,155.33,"alice"
428,"Widget",2,169.73,"georgia"
429,"Gadget",30,153.4,"hannah"
430,"Thingamajig",15,127.11,"david"
431,"Thingamajig",3,30.59,"alice"
433,"Widget",-5,184.57,"david"
434,"Gadget",20,125.25,"hannah"
435,"Gadget",15,160.32,"david"
436,"Gadget",15,98.9,"charlie"
437,"Thingamajig",5,27.88,"hannah"
438,"Widget",10,29.41,"frank"
439,"Thingamajig",15,138.69,"eve"
440,"Thingamajig",25,88.91,"georgia"
441,"Gadget",10,44.1,"david"
442,"Thingamajig",25,100.86,"charlie"
443,"Gadget",0,17.52,"hannah"
444,"Widget",2,118.48,"frank"
446,"Widget",3,160.52,"david"
447,"Gadget",15,65.52,"hannah"
448,"Thingamajig",10,93.77,"hannah"
449,"Thingamajig",15,7.27,"david"
450,"Widget",-5,19.13,"alice"
451,"Widget",-5,81.54,"alice"
452,"Widget",20,98.59,"frank"
453,"Gadget",15,122,"eve"
454,"Gadget",2,61.87,"david"
455,"Unknown",0,140.52,"frank"
456,"Thingamajig",25,172.72,"frank"
457,"Unknown",20,157.07,"bob"
458,"Gadget",-5,12.73,"hannah"
459,"Gadget",15,98.7,"georgia"
460,"Widget",15,25.46,"hannah"
461,"Widget",10,52.2,"alice"
462,"Widget",2,197.4,"eve"
464,"Widget",-5,102.28,"david"
465,"Thingamajig",15,125.54,"frank"
466,"Thingamajig",0,141.98,"david"
467,"Widget",15,114.13,"bob"
468,"Gadget",15,6.91,"eve"
469,"Widget",-5,300,"frank"
470,"Thingamajig",15,105.95,"david"
471,"Unknown",15,22.13,"alice"
472,"Gadget",15,73.37,"georgia"
473,"Thingamajig",15,11.47,"bob"
474,"Widget",15,20.32,"eve"
475,"Gadget",0,82.4,"bob"
476,"Widget",30,30.88,"alice"
478,"Gadget",25,139.45,"bob"
479,"Widget",30,161.11,"charlie"
480,"Thingamajig",25,44.03,"alice"
481,"Widget",20,37.66,"alice"
482,"Gadget",2,25.39,"alice"
483,"Unknown",2,129.1,"charlie"
484,"Gadget",3,142.76,"charlie"
485,"Unknown",2,11.16,"david"
486,"Gadget",15,187.56,"frank"
488,"Widget",10,110.55,"bob"
489,"Thingamajig",3,143.27,"david"
490,"Widget",10,174.84,"bob"
491,"Gadget",25,144.25,"georgia"
492,"Gadget",10,161.34,"frank"
493,"Unknown",10,71.19,"charlie"
494,"Unknown",3,300,"frank"
495,"Gadget",20,20.62,"charlie"
496,"Gadget",15,179.49,"georgia"
497,"Gadget",15,111.78,"frank"
498,"Widget",2,164.37,"david"
499,"Gadget",15,93.2,"eve"
500,"Thingamajig",3,130.5,"david"
501,"Gadget",15,107.65,"bob"
504,"Gadget",15,16.77,"alice"
505,"Widget",15,53.19,"bob"
506,"Widget",15,36.11,"frank"
507,"Widget",2,175,"bob"
508,"Thingamajig",30,47.75,"eve"
509,"Gadget",5,195.29,"charlie"
510,"Unknown",15,70.69,"frank"
511,"Thingamajig",5,40.51,"hannah"
512,"Gadget",3,158.99,"bob"
513,"Thingamajig",0,133.45,"frank"
516,"Widget",25,145.24,"charlie"
517,"Thingamajig",10,49.55,"hannah"
518,"Thingamajig",15,199.29,"georgia"
519,"Unknown",0,195.08,"david"
520,"Thingamajig",3,131.81,"frank"
521,"Widget",10,43.91,"alice"
522,"Widget",5,137.64,"georgia"
524,"Thingamajig",20,10.98,"charlie"
525,"Widget",30,55.25,"bob"
526,"Unknown",15,95.21,"charlie"
527,"Thingamajig",0,174.31,"bob"
528,"Gadget",30,146.8,"charlie"
529,"Gadget",10,149.83,"bob"
532,"Gadget",5,77.35,"bob"
533,"Thingamajig",2,197.59,"hannah"
534,"Thingamajig",5,12.82,"bob"
535,"Widget",2,174.07,"alice"
536,"Gadget",2,117.84,"bob"
537,"Widget",15,90.53,"alice"
538,"Gadget",5,146.43,"eve"
539,"Gadget",-5,99.9,"frank"
540,"Gadget",20,175.32,"alice"
541,"Gadget",0,180.64,"david"
542,"Gadget",15,87.24,"georgia"
543,"Thingamajig",15,58.98,"frank"
544,"Widget",5,120.51,"alice"
545,"Thingamajig",5,182.91,"frank"
546,"Gadget",15,46.08,"hannah"
547,"Widget",0,126.48,"frank"
548,"Gadget",0,128.15,"frank"
549,"Widget",15,147.96,"eve"
550,"Thingamajig",5,30.66,"david"
551,"Widget",0,144.59,"charlie"
552,"Unknown",30,182.26,"charlie"
553,"Widget",2,40.04,"alice"
554,"Widget",15,51.32,"frank"
556,"Gadget",2,40.29,"eve"
557,"Widget",3,171.61,"eve"
558,"Widget",30,100.99,"bob"
559,"Thingamajig",0,53.21,"hannah"
560,"Widget",15,174.8,"eve"
561,"Thingamajig",30,91.83,"bob"
562,"Gadget",2,300,"david"
563,"Widget",20,75.05,"alice"
564,"Thingamajig",15,120.63,"georgia"
565,"Thingamajig",10,36.89,"david"
566,"Gadget",2,81.26,"eve"
567,"Widget",-5,194.04,"david"
568,"Widget",0,55.34,"david"
569,"Thingamajig",-5,133.06,"hannah"
570,"Widget",-5,68.41,"hannah"
571,"Thingamajig",5,155.83,"hannah"
572,"Widget",15,30.52,"david"
573,"Thingamajig",15,194.12,"eve"
574,"Unknown",2,93.49,"georgia"
575,"Gadget",15,51.03,"frank"
577,"Widget",30,38.1,"bob"
578,"Gadget",10,106.36,"eve"
579,"Widget",-5,70.72,"david"
580,"Gadget",30,166.63,"georgia"
581,"Widget",15,89.02,"frank"
583,"Thingamajig",15,125.34,"eve"
584,"Widget",2,142.82,"charlie"
585,"Widget",25,37.57,"frank"
587,"Thingamajig",0,12.15,"david"
588,"Widget",3,148.6,"georgia"
589,"Thingamajig",10,134.44,"charlie"
590,"Gadget",15,97.55,"georgia"
591,"Unknown",15,169.61,"charlie"
592,"Thingamajig",30,162.11,"eve"
593,"Gadget",5,119.14,"charlie"
594,"Thingamajig",15,174.31,"bob"
595,"Widget",3,45.14,"bob"
596,"Widget",25,26.82,"alice"
597,"Thingamajig",10,57.6,"bob"
599,"Thingamajig",3,108.58,"charlie"
600,"Widget",15,187.64,"bob"
265,"Gadget",25,158.34,"hannah"
